<?xml version="1.0"?>
<SampleTable>
  <SampleTableHeader Version="2" CreationDate="01/15/15" CreationTime="07:40:52" Creator="BDAL@DE" CreationComputer="TOF-PC-2" UpdateDate="01/17/15" UpdateTime="04:28:07" UpdateUser="BDAL@DE" UpdateComputer="TOF-PC-2" Author="BDAL@DE" Company="Bruker Customer" Laboratory="unknown" Phone="" Fax="" EMail="" Description="" NumOfSamples="1" HyStarVersion="3.2.49.9" SampleTablePath="D:\Data\Sophie\SNA1-2015-01-15\2015-01-16-HEG.xml" />
  <UserColumnNames>
    <Column ColumnNumber="0" Name="ACQEND_ARGUMENT" />
    <Column ColumnNumber="1" Name="ACQEND_EXECUTE" />
    <Column ColumnNumber="2" Name="ACQSTART_ARGUMENT" />
    <Column ColumnNumber="3" Name="ACQSTART_EXECUTE" />
    <Column ColumnNumber="4" Name="AcquisitionID" />
    <Column ColumnNumber="5" Name="Amount" />
    <Column ColumnNumber="6" Name="AutosamplerMethod" />
    <Column ColumnNumber="7" Name="BioTools" />
    <Column ColumnNumber="8" Name="CalibAction" />
    <Column ColumnNumber="9" Name="CalibLevel" />
    <Column ColumnNumber="10" Name="CheckToRun" />
    <Column ColumnNumber="11" Name="Comment" />
    <Column ColumnNumber="12" Name="Company" />
    <Column ColumnNumber="13" Name="DataAnalysis" />
    <Column ColumnNumber="14" Name="DataPath" />
    <Column ColumnNumber="15" Name="Description" />
    <Column ColumnNumber="16" Name="Dilution" />
    <Column ColumnNumber="17" Name="EMail" />
    <Column ColumnNumber="18" Name="ExperimentID" />
    <Column ColumnNumber="19" Name="Fax" />
    <Column ColumnNumber="20" Name="FractionTreatment" />
    <Column ColumnNumber="21" Name="GelCode" />
    <Column ColumnNumber="22" Name="Injections" />
    <Column ColumnNumber="23" Name="InstumentCalibration" />
    <Column ColumnNumber="24" Name="InternalStandard" />
    <Column ColumnNumber="25" Name="IsLastLineInGroup" />
    <Column ColumnNumber="26" Name="LC Method" />
    <Column ColumnNumber="27" Name="LCSystem" />
    <Column ColumnNumber="28" Name="LOT" />
    <Column ColumnNumber="29" Name="Laboratory" />
    <Column ColumnNumber="30" Name="Line" />
    <Column ColumnNumber="31" Name="MBToolsDiffNo" />
    <Column ColumnNumber="32" Name="MBToolsDiffPath" />
    <Column ColumnNumber="33" Name="MBToolsIonization" />
    <Column ColumnNumber="34" Name="MBToolsMethod" />
    <Column ColumnNumber="35" Name="MBToolsPredicted" />
    <Column ColumnNumber="36" Name="MBToolsStateDoIt" />
    <Column ColumnNumber="37" Name="MBToolsStateDone" />
    <Column ColumnNumber="38" Name="MBToolsStateRef" />
    <Column ColumnNumber="39" Name="MS Acquisition" />
    <Column ColumnNumber="40" Name="MS_Method" />
    <Column ColumnNumber="41" Name="MethodSet" />
    <Column ColumnNumber="42" Name="NumOnGel" />
    <Column ColumnNumber="43" Name="NumberInSequence" />
    <Column ColumnNumber="44" Name="Operator" />
    <Column ColumnNumber="45" Name="Phone" />
    <Column ColumnNumber="46" Name="PlateCode" />
    <Column ColumnNumber="47" Name="Preparation" />
    <Column ColumnNumber="48" Name="Preruntime" />
    <Column ColumnNumber="49" Name="ReferenceSampleNum" />
    <Column ColumnNumber="50" Name="Result Path" />
    <Column ColumnNumber="51" Name="RunDAScript" />
    <Column ColumnNumber="52" Name="SaltConcentration" />
    <Column ColumnNumber="53" Name="SampleID" />
    <Column ColumnNumber="54" Name="SampleType" />
    <Column ColumnNumber="55" Name="Status" />
    <Column ColumnNumber="56" Name="SuperMethod" />
    <Column ColumnNumber="57" Name="Switchos" />
    <Column ColumnNumber="58" Name="Vial" />
    <Column ColumnNumber="59" Name="Volume" />
    <Column ColumnNumber="60" Name="Weight" />
    <Column ColumnNumber="61" Name="F62" />
    <Column ColumnNumber="62" Name="F63" />
  </UserColumnNames>
  <AnalysisHeader CreationDateTime="2015-01-17T04:28:07+01:00" FileName="D:\Data\neg-MM8_1-A,1_01_376.d" SampleID="neg-MM8" Method="" />
  <Sample Line="90" CheckToRun="0" Status="2" Injections="1" Volume="5" Amount="0" Dilution="1" Weight="0" Position="1:A,1" InternalStandard="0" PreRunTime="0" SampleID="neg-MM8" DataPath="" Operator="BDAL@DE" SampleType="0" ReferenceSampleNum="0" NumOnGel="0" ResultDatafile="D:\Data\neg-MM8_1-A,1_01_376.d" NumberInSequence="48" CalibAction="-" CalibLevel="" AcquisitionID="0" SaltConc="0" LastLineInGroup="0" InstrumentCalibration="0" RunDAScript="1" Method="D:\Methods\standard methods\lc-methoden\pda-20min-full loop.m" MS_Method="D:\Methods\standard methods\ms-methoden\20minkalibneg.m" MSProcessingMethod="D:\Methods\standard methods\da-methoden\recal-liform-neg-18min-hpc.m" AutosamplerMethod="Standard" />
</SampleTable>